{
  "project_info": {
    "project_number": "919760202901",
    "firebase_url": "https://epf-balance-t.firebaseio.com",
    "project_id": "epf-balance-t",
    "storage_bucket": "epf-balance-t.appspot.com"
  },
  "client": [
    {
      "client_info": {
        "mobilesdk_app_id": "1:919760202901:android:0a2e1d030249ee9a",
        "android_client_info": {
          "package_name": "toolsinc.bank.pfbalancecheck.epfbalancecheck"
        }
      },
      "oauth_client": [
        {
          "client_id": "919760202901-dv56h1qn9uigo7i6lvm3eg270a1jlgh2.apps.googleusercontent.com",
          "client_type": 3
        }
      ],
      "api_key": [
        {
          "current_key": "AIzaSyCZof4yc7B1HeiLf_FZirfwmUkHG2eCJv8"
        }
      ],
      "services": {
        "appinvite_service": {
          "other_platform_oauth_client": [
            {
              "client_id": "919760202901-dv56h1qn9uigo7i6lvm3eg270a1jlgh2.apps.googleusercontent.com",
              "client_type": 3
            }
          ]
        }
      }
    }
  ],
  "configuration_version": "1"
}